Name,InChiKey,Mix label,Formula,Exact Mass,[M-H]-,[M+C2H4O2-H]-,[M-H2O-H]-
2-hydroxyquinoline,LISFMEBWQUVKPJ-UHFFFAOYSA-N,NEG_1,C9H7NO,145.052763847,144.04548738284,204.06661484961,126.03437384961002
2-[(1S)-1-hydroxyethyl]-1H-quinazolin-4-one,BMBSGGZMJQTQSO-LURJTMIESA-N,NEG_1,C10H10N2O2,190.074227566,189.06695110353,249.0880785703,171.05583757029999
vasicinone,SDIVYZXRQHWCKF-UHFFFAOYSA-N,NEG_1,C11H10N2O2,202.074227566,201.06695110353,261.0880785703,183.05583757029999
Sphondin,DLCJNIBLOSKIQW-UHFFFAOYSA-N,NEG_1,C12H8O4,216.04225873,215.03498226935,275.05610973612,197.02386873612
"(4S,5Z,6S)-4-(2-methoxy-2-oxoethyl)-5-[2-[(E)-3-phenylprop-2-enoyl]oxyethylidene]-6-[(2S,3R,4S,5S,6R)-3,4,5-trihydroxy-6-(hydroxymethyl)oxan-2-yl]oxy-4H-pyran-3-carboxylic acid",AETKQQBRKSELEL-ZHACJKMWSA-N,NEG_1,C15H12O2,224.083729621,223.07645315912998,283.0975806259,205.06533962589998
Anhydrobrazilic Acid,KVQVEJPIQHNLTM-UHFFFAOYSA-N,NEG_1,C12H10O5,234.05282342,233.04554695337998,293.06667442015,215.03443342014998
"2',4-Dihydroxychalcone",FGPJTMCJNPRZGF-JXMROGBWSA-N,NEG_1,C15H12O3,240.078644241,239.0713677787,299.09249524547,221.06025424547
Prenyletin,AWEFUQDNSBBNCR-UHFFFAOYSA-N,NEG_1,C14H14O4,246.08920892,245.08193246272998,305.1030599295,227.07081892949998
"(2E,4E)-N-(2-methylpropyl)-6-thiophen-2-ylhexa-2,4-dienamide",KNGBXFMEGLRFHV-PRKJJMSOSA-N,NEG_1,C14H19NOS,249.11873540,248.111458944,308.13258641077,230.10034541077
2'-Methoxyflavone,YEHDMSUNJUONMW-UHFFFAOYSA-N,NEG_1,C16H12O3,252.078644241,251.0713677787,311.09249524547,233.06025424547
2-(7-methoxy-2-oxochromen-8-yl)-3-methylbut-2-enal,PBAZKMWQUBDDLZ-UHFFFAOYSA-N,NEG_1,C15H14O4,258.08920892,257.08193246273,317.1030599295,239.07081892949998
Estrone,DNXHEGUUPJUMQT-CBZIJGRNSA-N,NEG_1,C18H22O2,270.161979940,269.15470348143,329.1758309482,251.14358994819997
"(E)-5-hydroxy-1,7-diphenylhept-1-en-3-one",OUAINJWTDRNZIJ-ACCUITESSA-N,NEG_1,C19H20O2,280.146329876,279.13905341697,339.16018088374,261.12793988374
Alpinetin Methyl Ether,IAFBOKYTDSDNHV-UHFFFAOYSA-N,NEG_1,C17H16O4,284.10485899,283.09758252718996,343.11870999395995,265.08646899395995
5-hydroxy-7-(hydroxymethyl)-2-methyl-2-(5-oxooxolan-2-yl)-3H-chromen-4-one,UTMLPTPULBHGMZ-UHFFFAOYSA-N,NEG_1,C15H16O6,292.09468823,291.08741176633,351.1085392331,273.0762982331
Cryptotanshinone,GVKKJJOMQCNPGB-JTQLQIEISA-N,NEG_1,C19H20O3,296.14124450,295.13396803654,355.15509550331,277.12285450331
"(3R)-3-(3,4-dimethoxyphenyl)-8-hydroxy-3,4-dihydroisochromen-1-one",WKNXOKHAEDTQCX-CQSZACIVSA-N,NEG_1,C17H16O5,300.09977361,299.09249714676,359.11362461353,281.08138361353
"methyl 2-[(4aR,5R,6R,7S,8aR)-8a-ethenyl-5,7-dihydroxy-4-methylidene-3-oxo-1,4a,5,6,7,8-hexahydroisochromen-6-yl]prop-2-enoate",YTDYKYPXYRZGQN-SUNOKAMTSA-N,NEG_1,C16H20O6,308.12598835,307.11871189525,367.13983936202,289.10759836202
O-geranylconiferyl alcohol,UJQXYSRVSXKEES-YIERNNEGSA-N,NEG_1,C20H28O3,316.20384475,315.19656829438,375.21769576114997,297.18545476114997
calopocarpin,CYXCYFYWIZXENQ-JXFKEZNVSA-N,NEG_1,C20H20O4,324.13615911,323.12888265611,383.15001012288,305.11776912288
"Totarol-19-Carboxylic Acid, Methyl Ester",VEJJMTHWRMKGKN-SJRAPUSDSA-N,NEG_1,C21H30O3,330.21949481,329.21221835884,389.23334582561,311.20110482561
"9-methoxy-4,4-dimethyl-13-phenyl-6,14-dioxatetracyclo[8.4.0.0²,?.0³,?]tetradeca-1,7,9-trien-11-one",NGRRXMZEVSBATO-UHFFFAOYSA-N,NEG_1,C21H20O4,336.13615911,335.12888265611,395.15001012288,317.11776912288
Kinetin Riboside,CAGLGYNQQSIUGX-SDBHATRESA-N,NEG_1,C15H17N5O5,347.12296866,346.11569220113995,406.13681966790995,328.10457866790995
rutamarin,AWMHMGFGCLBSAY-UHFFFAOYSA-N,NEG_1,C21H24O5,356.16237386,355.1550974046,415.17622487137,337.14398387137
"(4R,8S)-17-chloro-2,18-dimethoxy-7,9,13-trioxapentacyclo[10.8.0.0³,¹?.0?,?.0¹?,¹?]icosa-1(12),2,5,10,14,16,18-heptaen-20-one",POXKBPUNCDMQMW-YLVJLNSGSA-N,NEG_1,C19H13ClO6,372.0400658,371.03278935164,431.05391681841,353.02167581841
"methyl (Z)-5-[(1R,4aR,8aR)-5,5,8a-trimethyl-2-methylidene-3,4,4a,6,7,8-hexahydro-1H-naphthalen-1-yl]-3-(acetyloxymethyl)pent-2-enoate",FALZOOWSJAQSFX-OATHEDFASA-N,NEG_1,C23H36O4,376.26135963,375.25408317179,435.27521063856,357.24296963856
DIGOXIGENIN,SHIBSTMRCDJXLN-KCZCNTNESA-N,NEG_1,C23H34O5,390.24062418,389.2333477269,449.25447519367,371.22223419367
aschantin,ONDWGDNAFRAXCN-VUEDXXQZSA-N,NEG_1,C22H24O7,400.15220310,399.14492664374,459.16605411051,381.13381311051
"methyl (1S,4aS,6R,7R,7aR)-5,6-dihydroxy-7-methyl-1-[(2S,3R,4S,5S,6R)-3,4,5-trihydroxy-6-(hydroxymethyl)oxan-2-yl]oxy-1,4a,5,6,7,7a-hexahydrocyclopenta[c]pyran-4-carboxylate",QDEYKGKBMCIYCT-PHINXLAUSA-N,NEG_1,C17H26O11,406.14751164,405.14023518648,465.16136265325,387.12912165325
"1',2'-dihydro-2',6-dihydroxyrotenone",NSFCLBVWJYYZMR-DNVFCKCGSA-N,NEG_1,C23H24O8,428.14711772,427.13984126331,487.16096873008,409.12872773008
"4-[3-[(2E)-3,7-dimethylocta-2,6-dienyl]-2,6-dihydroxybenzoyl]-3-formyl-5-hydroxybenzoic acid",MLSVKXQHUTYXHD-VIZOYTHASA-N,NEG_1,C25H26O7,438.16785316,437.1605767082,497.18170417497,419.14946317497
[5-ethenyl-3-hydroxy-4-(3-hydroxyprop-1-en-2-yl)-2-(3-methoxy-3-oxoprop-1-en-2-yl)-5-methylcyclohexyl] 4-acetyloxy-3-hydroxy-2-methylidenebutanoate,XTMCUUVQSGQNSI-UHFFFAOYSA-N,NEG_1,C23H32O9,452.20463259,451.19735614072,511.21848360749,433.18624260749
"9-methoxy-7-[4-[(2S,3R,4S,5S,6R)-3,4,5-trihydroxy-6-(hydroxymethyl)oxan-2-yl]oxyphenyl]-[1,3]dioxolo[4,5-g]chromen-8-one",MLRDPISQDDYRHC-BSTKLLGTSA-N,NEG_1,C23H22O11,474.11621151,473.10893505755996,533.13006252433,455.09782152432996
Epicatechin Pentaacetate,BKYWAYNSDFXIPL-JWQCQUIFSA-N,NEG_1,C25H24O11,500.13186158,499.12458512202,559.14571258879,481.11347158879
7-Deacetoxy-7-Oxokhivorin,IKFXPERBVFYFMS-DPILJLKXSA-N,NEG_1,C30H38O9,542.25158279,541.2443063341,601.26543380087,523.23319280087
Khivorin,ODLCLZLDYDHRGT-NEGPAABLSA-N,NEG_1,C32H42O10,586.27779753,585.27052108259,645.29164854936,567.25940754936
"[4,5-diacetyloxy-6-[7-hydroxy-5-methoxy-4-oxo-2-[4-[3,4,5-trihydroxy-6-(hydroxymethyl)oxan-2-yl]oxyphenyl]chromen-6-yl]oxan-3-yl] acetate",UPTPSJJNEWBOBD-UHFFFAOYSA-N,NEG_1,C33H36O17,704.19524968,703.1879732262,763.2091006929701,685.1768596929701
Dactinomycin,RJURFGZVJUQBHK-UHFFFAOYSA-N,NEG_1,C62H86N12O16,1254.62847470,1253.62119827129,1313.64232573806,1235.61008473806
N-Methylisoleucine,KSPIYJQBLVDRRI-UHFFFAOYSA-N,NEG_2,C7H15NO2,145.110278721,144.10300226024998,204.12412972701998,126.09188872701999
Cytisine,ANJTVLIZGCUXLD-DTWKUNHWSA-N,NEG_2,C11H14N2O,190.110613074,189.10333661287999,249.12446407965,171.09222307964998
1-[4-hydroxy-3-(3-methylbut-2-enyl)phenyl]ethanone,QJAPFSSVKIZTMR-UHFFFAOYSA-N,NEG_2,C13H16O2,204.115029749,203.10775328805,263.12888075482,185.09663975482
Methoxsalen,QXKHYNVANLEOEG-UHFFFAOYSA-N,NEG_2,C12H8O4,216.04225873,215.03498226935,275.05610973612,197.02386873612
2-Hydroxychalcone,UDOOPSJCRMKSGL-ZHACJKMWSA-N,NEG_2,C15H12O2,224.083729621,223.07645315912998,283.0975806259,205.06533962589998
"(2R)-5-methoxy-2-methyl-2,3,8,9-tetrahydrofuro[2,3-h]chromen-4-one",BCRRDBKZXSRMHL-SSDOTTSWSA-N,NEG_2,C13H14O4,234.08920892,233.08193246272998,293.1030599295,215.07081892949998
"7,8-dimethylalloxazine (lumichrome)",ZJTJUVIJVLLGSP-UHFFFAOYSA-N,NEG_2,C12H10N4O2,242.08037557,241.07309911239,301.09422657916,223.06198557916
"(2S,3S)-3-hydroxy-4-methoxy-2-[(E)-2-phenylethenyl]-2,3-dihydropyran-6-one",UDDKTZFKFIZQAW-XNHDODSBSA-N,NEG_2,C14H14O4,246.08920892,245.08193246272998,305.1030599295,227.07081892949998
"13-methoxy-1,6-diazatetracyclo[7.6.1.0?,¹?.0¹?,¹?]hexadeca-3,5,7,9(16),10,12,14-heptaen-2-one",OWCRARVHWCCRAG-UHFFFAOYSA-N,NEG_2,C15H10N2O2,250.074227566,249.06695110353,309.0880785703,231.05583757029999
"Methyl 3,4,5-trimethoxycinnamate",KLXHCGFNNUQTEY-AATRIKPKSA-N,NEG_2,C13H16O5,252.09977361,251.09249714676,311.11362461353,233.08138361353
Luvangetin,XYPWCJWXFYYGPA-UHFFFAOYSA-N,NEG_2,C15H14O4,258.08920892,257.08193246273,317.1030599295,239.07081892949998
7-methoxy-8-(3-methyl-5-oxo-2H-furan-4-yl)chromen-2-one,AZYVCLJYWIHOAD-UHFFFAOYSA-N,NEG_2,C15H12O5,272.06847348,271.06119701783996,331.08232448460996,253.05008348460996
"3,7-Dimethoxyflavone",CNDZOPXQZSXGSK-UHFFFAOYSA-N,NEG_2,C17H14O4,282.08920892,281.08193246273,341.1030599295,263.0708189295
"3,4-DIMETHOXYDALBERGIONE",LJEJBLOFFDLRIH-GFCCVEGCSA-N,NEG_2,C17H16O4,284.10485899,283.09758252718996,343.11870999395995,265.08646899395995
"(3R)-4,4-dimethyl-3-[(2S,3R,4S,5S,6R)-3,4,5-trihydroxy-6-(hydroxymethyl)oxan-2-yl]oxyoxolan-2-one",BFCZPWYLRHFBNO-DTJAAUDXSA-N,NEG_2,C12H20O8,292.11581759,291.10854113439,351.12966860116,273.09742760116
"methyl 2-[4-ethenyl-2,6-dihydroxy-3-(3-hydroxyprop-1-en-2-yl)-4-methylcyclohexyl]prop-2-enoate",ZAUMFTVHLHASMN-UHFFFAOYSA-N,NEG_2,C16H24O5,296.16237386,295.1550974046,355.17622487137,277.14398387137
adrenosterone,RZRPTBIGEANTGU-IRIMSJTPSA-N,NEG_2,C19H24O3,300.17254462,299.16526816546,359.18639563223,281.15415463223
1-O-trans-cinnamoyl-beta-D-glucopyranose,CJGRGYBLAHPYOM-HOLMNUNMSA-N,NEG_2,C15H18O7,310.10525291,309.09797645035997,369.11910391712996,291.08686291712996
"7-ethenyl-1,4a,7-trimethyl-6-oxo-2,3,4,8,8a,9,10,10a-octahydrophenanthrene-1-carboxylic acid",VNOMXNULTAUIDL-UHFFFAOYSA-N,NEG_2,C20H28O3,316.20384475,315.19656829438,375.21769576114997,297.18545476114997
"4,5-dihydroxy-4,5,6-trimethyl-2,8-dioxa-13-azatricyclo[8.5.1.0¹³,¹?]hexadec-10-ene-3,7-dione",WOPYGCANEAIOEM-UHFFFAOYSA-N,NEG_2,C16H23NO6,325.15253745,324.14526099637,384.16638846314,306.13414746314
"3-(3,3-dichloro-2-hydroxypropyl)-6,8-dimethoxyisochromen-1-one",MOLWVPJZUNCMGV-UHFFFAOYSA-N,NEG_2,C14H14Cl2O5,332.0218289,331.0145524463,391.03567991307,313.00343891307
gerberinside,DXBGTODWNFZHCD-LMXXTMHSSA-N,NEG_2,C16H18O8,338.10016753,337.09289106993003,397.11401853670003,319.08177753670003
Evoxine,FGANMDNHTVJAHL-UHFFFAOYSA-N,NEG_2,C18H21NO6,347.13688739,346.12961093191,406.15073839868,328.11849739868
"4-[1-(1,3-benzodioxol-5-yl)propan-2-yl]-4,5-dimethoxy-2-prop-2-enylcyclohexa-2,5-dien-1-one",SMOHLDSEWHACKE-UHFFFAOYSA-N,NEG_2,C21H24O5,356.16237386,355.1550974046,415.17622487137,337.14398387137
Tangeritin,ULSUXBXHSYSGDT-UHFFFAOYSA-N,NEG_2,C20H20O7,372.12090297,371.11362651482,431.13475398159,353.10251298159
Methyl Robustone,OKBNMQXBQLZQEM-UHFFFAOYSA-N,NEG_2,C22H18O6,378.11033829,377.10306183079,437.12418929756,359.09194829756
"2,4-bis(3-methylbut-2-enyl)-6a,11a-dihydro-6H-[1]benzofuro[3,2-c]chromene-3,9-diol",IWTNSIWIBPNECM-UHFFFAOYSA-N,NEG_2,C25H28O4,392.19875937,391.19148291395,451.21261038072,373.18036938072
"6-hydroxy-9,12,13-trimethyl-14-(2-methylpropyl)-2H,5H,6H,7H,8H,13H,13aH,14H,15H,16H,16bH-oxacyclododeca[3,2-e]isoindole-2,16-dione",NDJDZINMNBVVHS-QWPOMPHKSA-N,NEG_2,C24H35NO4,401.25660860,400.24933214399,460.27045961076,382.23821861076
khelloside,SJRACCTZSAUMGO-WIMVFMHDSA-N,NEG_2,C19H20O10,408.10564683,407.09837037353,467.11949784029997,389.0872568403
calycosin-7-O-beta-D-glucoside,MGJLSBDCWOSMHL-MIUGBVLSSA-N,NEG_2,C22H22O9,430.12638228,429.11910581842,489.14023328519,411.10799228519
"1-Hydroxy-3,6,7-Trimethoxy-2,8-Diprenylxanthone",FCIKYGUVHWZSJV-UHFFFAOYSA-N,NEG_2,C26H30O6,438.20423867,437.19696221755,497.21808968432,419.18584868432
"(1R,2R,4S,7R,8S,12R)-7-(furan-3-yl)-1,8,12,17,17-pentamethyl-3,6,16-trioxapentacyclo[9.9.02,4.02,8.012,18]icos-13-ene-5,15,20-trione",MAYJEFRPIKEYBL-DKBZVKCESA-N,NEG_2,C26H30O7,454.19915329,453.19187683712,513.21300430389,435.18076330389
cirsimarin,RETJLKUBHXTIGH-FZFRBNDOSA-N,NEG_2,C23H24O11,476.13186158,475.12458512202,535.14571258879,457.11347158879
"6-methoxy-7-[3,4,5-trihydroxy-6-[(3,4,5-trihydroxy-6-methyloxan-2-yl)oxymethyl]oxan-2-yl]oxychromen-2-one",FCIZPHNZRNLUJD-UHFFFAOYSA-N,NEG_2,C22H28O13,500.15299094,499.14571449007997,559.16684195685,481.13460095684997
"7-[(2S,3R,4R,5R,6S)-3,4,5-trihydroxy-6-methyloxan-2-yl]oxy-3-[4-[(2S,3R,4R,5R,6S)-3,4,5-trihydroxy-6-methyloxan-2-yl]oxyphenyl]chromen-4-one",RIXHOIPNPVCEHZ-WIYOTWCASA-N,NEG_2,C27H30O12,546.17372639,545.16644993497,605.1875774017401,527.1553364017401
ETOPOSIDE,VJJPUSNTGOMMGY-MRVIYFEKSA-N,NEG_2,C29H32O13,588.18429107,587.1770146189999,647.19814208577,569.16590108577
"(3?,8?,9?,14?,16?,17?,20?,22?)-Spirostan-3-yl 6-O-?-D-xylopyranosyl-?-D-galactopyranoside",OSHZDTNWJYPSSP-WKGGGXJXSA-N,NEG_2,C38H62O12,710.42412741,709.41685096633,769.4379784331,691.4057374331001
MYOSMINE,DPNGWXJMIILTBS-UHFFFAOYSA-N,NEG_3,C9H10N2,146.084398327,145.07712186439,205.09824933116,127.06600833116
5-Methoxytryptamine,JTEJPPKMYBDEMY-UHFFFAOYSA-N,NEG_3,C11H14N2O,190.110613074,189.10333661287999,249.12446407965,171.09222307964998
N-(Cinnamoyl)-glycine,YAADMLWHGMUGQL-VOTSOKGWSA-N,NEG_3,C11H11NO3,205.07389321,204.06661675089998,264.08774421767,186.05550321766998
Securinine,SWZMSZQQJRKFBP-WZRBSPASSA-N,NEG_3,C13H15NO2,217.110278721,216.10300226024998,276.12412972702,198.09188872701998
Xanthyletin,QOTBQNVNUBKJMS-UHFFFAOYSA-N,NEG_3,C14H12O3,228.078644241,227.0713677787,287.09249524547,209.06025424547
"5,6,7-Trimethoxycoumarin",FOBNRKTURPWTQX-UHFFFAOYSA-N,NEG_3,C12H12O5,236.06847348,235.06119701784,295.08232448461,217.05008348460998
CYTIDINE,UHDGCWIWMRVCDJ-XVFCMESISA-N,NEG_3,C9H13N3O5,243.08552052,242.07824406336,302.09937153013,224.06713053013
columbianetin,YRAQEMCYCSSHJG-UHFFFAOYSA-N,NEG_3,C14H14O4,246.08920892,245.08193246272998,305.1030599295,227.07081892949998
"6,7-bis(hydroxymethyl)-4,9a-dimethyl-2,7,8,9-tetrahydro-1H-benzo[7]annulen-3-one",DPBOXKYWJVXMAW-UHFFFAOYSA-N,NEG_3,C15H22O3,250.15689456,249.149618101,309.17074556777,231.13850456776998
"(4R,4aS,8aS)-4-hydroxy-4-(hydroxymethyl)-3,4a,8,8-tetramethyl-5,6,7,8a-tetrahydronaphthalen-1-one",CKASNEFFHUIZEG-AEGPPILISA-N,NEG_3,C15H24O3,252.17254462,251.16526816546,311.18639563223,233.15415463223
Khellin,HSMPDPBYAYSOBC-UHFFFAOYSA-N,NEG_3,C14H12O5,260.06847348,259.06119701783996,319.08232448460996,241.05008348460996
"Epiafzelechin (2R,3R)(-)",RSYUFYQTACJFML-UKRRQHHQSA-N,NEG_3,C15H14O5,274.08412354,273.0768470823,333.09797454907,255.06573354907
Dehydrovariabilin,FLEXCYTURSFUNC-UHFFFAOYSA-N,NEG_3,C17H14O4,282.08920892,281.08193246273,341.1030599295,263.0708189295
"4-methoxy-9-(3-methylbut-2-enyl)furo[3,2-g]chromen-7-one",UZXMLGUMBQQVME-UHFFFAOYSA-N,NEG_3,C17H16O4,284.10485899,283.09758252718996,343.11870999395995,265.08646899395995
"2-[2-(3,4-dimethoxyphenyl)ethyl]-4-methoxy-2,3-dihydropyran-6-one",HEURTYMJWQPWNN-UHFFFAOYSA-N,NEG_3,C16H20O5,292.13107373,291.12379727568,351.14492474245,273.11268374245
"(3,4,5-trihydroxy-6-methyloxan-2-yl) 2-(methylamino)benzoate",XLGJBANZFAQPOK-UHFFFAOYSA-N,NEG_3,C14H19NO6,297.12123733,296.11396086745003,356.13508833422003,278.10284733422003
"(1S,4S,5R,9R,13S)-5,9-dimethyl-14-methylidenetetracyclo[11.2.1.0¹,¹?.0?,?]hexadec-10-ene-5-carboxylic acid",RJIPNPHMQGDUBW-LGEIONFXSA-N,NEG_3,C20H28O2,300.208930132,299.20165367481,359.22278114158,281.19054014158
"(2-hydroxy-3,6-diphenylcyclohexyl) acetate",RRGRXDIGPVAQIW-UHFFFAOYSA-N,NEG_3,C20H22O3,310.15689456,309.149618101,369.17074556777,291.13850456777
"5-{8(Z),11(Z)-pentadecadienyl}resorcinol",UFMJCOLGRWKUKO-UTOQUPLUSA-N,NEG_3,C21H32O2,316.240230259,315.23295380372997,375.25408127049997,297.22184027049997
[5-acetyloxy-3-(hydroxymethyl)-2-oxo-6-propan-2-ylcyclohex-3-en-1-yl] 3-methylbutanoate,IVEJMWCGEFICJC-UHFFFAOYSA-N,NEG_3,C17H26O6,326.17293854,325.16566208863003,385.1867895554,307.1545485554
DUARTIN (-),QVVPJFBYFYYVDM-LLVKDONJSA-N,NEG_3,C18H20O6,332.12598835,331.11871189525,391.13983936202,313.10759836202
"4-methoxy-6-[2-[4-(3-methylbut-2-enoxy)phenyl]ethyl]-1,3-benzodioxole",UOUFYEQUUCSLPP-UHFFFAOYSA-N,NEG_3,C21H24O4,340.16745924,339.16018278503,399.18131025179997,321.1490692518
4-acetyloxy-8-(3-oxo-2-pent-2-enylcyclopenten-1-yl)octanoic acid,QWDCJWDUPSTHHK-UHFFFAOYSA-N,NEG_3,C20H30O5,350.20932405,349.20204759797997,409.22317506474997,331.19093406474997
monoolein,RZRNAYUHWVFMIP-KTKRTIGZSA-N,NEG_3,C21H40O4,356.29265975,355.28538330071,415.30651076748,337.27426976748
arctigenin,NQWVSMVXKMHKTF-JKSUJKDBSA-N,NEG_3,C21H24O6,372.15728848,371.15001202417,431.17113949094,353.13889849094
"9-[[3-methyl-3-[(4-methyl-5-oxo-2H-furan-2-yl)methyl]oxiran-2-yl]methoxy]furo[3,2-g]chromen-7-one",CISFAPDYRQPRCZ-UHFFFAOYSA-N,NEG_3,C21H18O7,382.10525291,381.09797645035997,441.11910391712996,363.08686291712996
Dehydrodihydrorotenone,BHCBWJBSVOKHRJ-UHFFFAOYSA-N,NEG_3,C23H22O6,394.14163842,393.13436195970996,453.15548942647996,375.12324842647996
"(5-benzoyloxy-3-chloro-4,6-dihydroxycyclohexen-1-yl)methyl benzoate",QUOOWFYEPMIYFF-UHFFFAOYSA-N,NEG_3,C21H19ClO6,402.0870160,401.07973954502,461.10086701179,383.06862601179
tephrosin,AQBZCCQCDWNNJQ-AUSIDOKSSA-N,NEG_3,C23H22O7,410.13655304,409.12927657928003,469.15040404605,391.11816304605003
Hecogenin,QOLRLLFJMZLYQJ-LOBDNJQFSA-N,NEG_3,C27H42O4,430.30830982,429.30103336517,489.32216083194,411.28991983194
betulin,FVWJYYTZTCVBKE-ROUWMTJPSA-N,NEG_3,C30H50O2,442.381080833,441.37380438387,501.39493185064,423.36269085064
"1,3-Dideacetyl-7-Deacetoxy-7-Oxokhivorin",BBSPXZBAZKHYLF-HUBYRZTESA-N,NEG_3,C26H34O7,458.23045342,457.22317696604,517.24430443281,439.21206343281
Mundulone Acetate,QUQMZWZRFQKNFP-UHFFFAOYSA-N,NEG_3,C28H28O7,476.18350323,475.17622677266,535.1973542394301,457.16511323943
"(1R,2R,4aS,6aS,6bR,9R,10R,11R,12aR)-1,10,11-trihydroxy-9-(hydroxymethyl)-1,2,6a,6b,9,12a-hexamethyl-2,3,4,5,6,6a,7,8,8a,10,11,12,13,14b-tetradecahydropicene-4a-carboxylic acid",YCOKATFNRPZIIU-WQKMQOEMSA-N,NEG_3,C30H48O6,504.34508925,503.33781279769,563.35894026446,485.32669926446
"3-[(3R,5S,10R,13R,14S,17R)-5,14-dihydroxy-10,13-dimethyl-3-[(2R,3R,4S,5S,6R)-3,4,5-trihydroxy-6-(hydroxymethyl)oxan-2-yl]oxy-2,3,4,6,7,8,9,11,12,15,16,17-dodecahydro-1H-cyclopenta[a]phenanthren-17-yl]-2H-furan-5-one",FECZMYDDHKVQIA-MHLHJPRMSA-N,NEG_3,C29H44O10,552.29344760,551.28617114705,611.3072986138201,533.2750576138201
"(1'S,2'S,3S,3'S,7'R,8'R,9'S,13'R)-8'-(acetyloxy)-2,2,2',9',13'-pentamethyl-6',16'-dimethylidene-6,11',15'-trioxo-10',14',17'-trioxaspiro[oxane-3,5'-pentacyclo[7.6.1.1?,¹².0¹,¹².0²,?]heptadecane]-3'-yl (2E)-2-methylbut-2-enoate",MNLWZCYHJPEFDE-BUDDGWGSSA-N,NEG_3,C32H38O11,598.24141202,597.23413557324,657.25526304001,579.22302204001
"3-[(1R,3R,5R,8R,10S,13R,14S,17R)-1,14-dihydroxy-3-[(2S,3S,4R,5S,6R)-3-hydroxy-4-methoxy-6-methyl-5-[(2S,3R,4S,5S,6R)-3,4,5-trihydroxy-6-(hydroxymethyl)oxan-2-yl]oxyoxan-2-yl]oxy-10,13-dimethyl-1,2,3,4,5,6,7,8,9,11,12,15,16,17-tetradecahydrocyclopenta[a]phenanthren-17-yl]-2H-furan-5-one",CMUOOPXNBJLJQK-XIYZJAHSSA-N,NEG_3,C36H56O14,712.36700646,711.35973001209,771.3808574788601,693.3486164788601
